employeeid,systemname,accountstatus,accesslevel,lastlogin
1001,Electronic Health Record,Active,Standard,2026-09-29
1002,Electronic Health Record,Active,Admin,2026-09-30
1003,Electronic Health Record,Active,Standard,2026-09-28
1004,Electronic Health Record,Active,Admin,2026-08-12
1005,Volunteer Portal,Active,Standard,2026-09-20
1006,Electronic Health Record,Active,Standard,2026-09-27
1007,Electronic Health Record,Active,Admin,2026-09-25
1008,Volunteer Portal,Active,Standard,2026-09-21
1009,Electronic Health Record,Active,Standard,2026-09-26
1010,Electronic Health Record,Active,Standard,2026-09-22
